episode,reward,length
0,-5.002999999999976,323
1,-2.141999999999983,262
2,-4.689999999999985,250
3,-5.5969999999999995,157
4,-4.979999999999989,180
